Exam1,Exam2 ,Admitted
34.34523435,78.45235325,0
30.286711,43.894988,0
35.847409,72.902198,0
60.182599,86.308552,1
79.032736,75.3444376,1
24.65,34.99,0
100,100,1
46,64,0
