NAME,A,B,C,D,E,F
 hasd,0.9,2.7,3.6,0.5,0.1,2
adf,3.33,5.55,4.36,9.99,8,2.7
adfad,3,4,5,2,1,8
sdgfsfgsdfg,4.51,2.45,5.72,5.663333333,3.933333333,10.23333333
adfadf,5.56,0.9,6.42,6.413333333,4.383333333,13.23333333
gsgfsdgfsdgfsgf,6.61,0.65,7.12,7.163333333,4.833333333,16.23333333
